{"2019":{"EIRE":23.712182831,"France":21.286887574,"Germany":23.7410940564,"Netherlands":132.9989501732,"United Kingdom":17.977948244},"2020":{"EIRE":33.9403865901,"France":23.3052646037,"Germany":23.3422490974,"Netherlands":119.6544652403,"United Kingdom":18.9816563547}}