{"EIRE":{"1":4953.756916996,"2":2238.7314487633,"3":4888.5201401051,"4":4760.5223880597,"5":3968.0189274448,"6":4077.455858748,"7":5269.260326609,"8":5164.6819085487,"9":5757.2546511628,"10":5042.7643391521,"11":5490.8568608095,"12":5150.0215633423},"France":{"1":255.8609271523,"2":180.3518518519,"3":279.824383164,"4":266.3908045977,"5":303.8827292111,"6":214.5883424408,"7":245.6363636364,"8":243.6156542056,"9":218.5731707317,"10":240.3606837607,"11":235.9909784872,"12":236.2352941176},"Germany":{"1":189.1044585987,"2":258.0564853556,"3":270.0126353791,"4":229.3032159265,"5":254.080283353,"6":226.6711509716,"7":213.5961705831,"8":248.0068181818,"9":198.6193447738,"10":224.0134020619,"11":225.8623853211,"12":230.5402930403},"Netherlands":{"1":1911.43866171,"2":2085.0,"3":1573.3033707865,"4":2085.0,"5":1277.9743589744,"6":1656.146179402,"7":1873.9245283019,"8":2085.0,"9":1834.3039513678,"10":1895.7868852459,"11":1834.6894977169,"12":2085.0},"United Kingdom":{"1":513.0372497607,"2":499.0339810172,"3":529.4207489447,"4":556.4743748255,"5":676.8610986431,"6":599.3706114335,"7":527.1651416715,"8":612.6604291417,"9":614.7392585525,"10":709.6524696316,"11":748.4623139212,"12":513.2410045192}}