{"EIRE":{"1":35336.37,"2":6476.82,"3":12361.74,"4":6342.69,"5":20316.19,"6":25903.55,"7":48982.49,"8":10460.72,"9":22336.58,"10":27436.6,"11":28531.4,"12":5516.63},"France":{"1":16162.13,"2":8745.25,"3":17758.86,"4":8673.15,"5":21854.72,"6":12448.19,"7":11776.13,"8":17408.42,"9":21309.49,"10":21799.09,"11":31412.72,"12":7277.9},"Germany":{"1":16543.6,"2":8366.98,"3":14024.24,"4":15523.2,"5":18223.84,"6":14237.32,"7":25158.48,"8":20122.26,"9":15516.52,"10":22521.9,"11":29787.21,"12":21483.92},"Netherlands":{"1":32441.01,"2":25978.09,"3":22356.69,"4":692.36,"5":14259.07,"6":21773.04,"7":11675.37,"8":10639.4,"9":38003.09,"10":49426.44,"11":31521.04,"12":25895.94},"United Kingdom":{"1":413986.99,"2":434731.86,"3":525977.6800000001,"4":496780.451,"5":597938.08,"6":549283.85,"7":615352.571,"8":508196.66,"9":778790.2120000001,"10":671102.15,"11":822823.54,"12":332192.11}}
